key,german,dutch
"components.addressComponent.VAT","USt-IdNr.","Btw-nummer"
"components.addressComponent.addressTypes.CityTown","Ort","Stad/Plaats"
"components.addressComponent.addressTypes.Company","Firma","Bedrijf"
"components.addressComponent.addressTypes.Department","Abteilung","Afdeling"
"components.addressComponent.addressTypes.NationalCode","Landescode","Landcode"
"components.addressComponent.addressTypes.POBox","Postfach","Postbus"
"components.addressComponent.addressTypes.StateCounty","Bundesland/Kreis","Provincie/Regio"
"components.addressComponent.addressTypes.Street","Straße","Straat"
"components.addressComponent.addressTypes.TimeZone","Zeitzone","Tijdzone"
"components.addressComponent.addressTypes.ZipCodeOfPOBox","PLZ des Postfachs","Postcode van postbus"
"components.addressComponent.addressTypes.Zipcode","PLZ","Postcode"
"components.assetNotFound.header","Verwaltungsschale konnte nicht geladen werden.","AAS kon niet worden geladen."
"components.assetNotFound.text","Es konnte keine Verwaltungsschale für die angegebene ID ''{id}'' geladen werden.","Kan AAS voor het opgegeven ID ''{id}'' niet laden"
"components.assetNotFound.toHome","Zur Startseite","Naar Home"
"components.authentication.authenticationNeeded","Authentifizierung erforderlich","Authenticatie vereist"
"components.authentication.contactAdmin","Sie können diese Seite nicht besuchen. Bitte wenden Sie sich an Ihren Administrator.","U kunt deze pagina niet bezoeken. Neem contact op met uw beheerder."
"components.authentication.nonDefaultRepositoryInfo","Bitte wenden Sie sich an Ihre Systemadministratorin oder Ihren Systemadministrator, um die Infrastruktur-Authentifizierung zu aktualisieren.","Neem contact op met uw systeembeheerder om de infrastructuurauthenticatie bij te werken."
"components.authentication.sessionExpired","Ihre Sitzung ist abgelaufen. Bitte melden Sie sich erneut an.","Uw sessie is verlopen. Log opnieuw in."
"components.carbonFootprint.beech","Eine Buche","Eén beukenboom"
"components.carbonFootprint.calculationMethod","Berechnungsmethode","Berekeningsmethode"
"components.carbonFootprint.co2EComparison","Vergleich","Vergelijking"
"components.carbonFootprint.co2EDistribution","CO2e Verteilung","CO2e-verdeling"
"components.carbonFootprint.comparisonAssumption","Unter der Annahme von 12,5 kg CO2e Speicherung pro Jahr.","Ervan uitgaande dat één beukenboom 12,5 kg CO2e per jaar opslaat."
"components.carbonFootprint.comparisonNeeds","braucht","heeft nodig"
"components.carbonFootprint.completedStages","Emissionen berechnet basierend auf folgenden Lebenszyklusphasen","Emissies berekend op basis van de productlevenscyclus"
"components.carbonFootprint.equivalents","CO2 Äquivalente","CO2-equivalenten"
"components.carbonFootprint.inTotal","gesamt","in totaal"
"components.carbonFootprint.notIncludedHint","nicht mit einbezogen","nog niet inbegrepen"
"components.carbonFootprint.productJourney","Produktreise","Productreis"
"components.carbonFootprint.stages.A1","A1 - Rohstoffversorgung (und vorgelagerte Produktion)","A1 - Levering van grondstoffen (en upstream-productie)"
"components.carbonFootprint.stages.A1-A3","A1-A3 - Rohstoffversorgung bis Produktion","A1-A3 - Levering van grondstoffen tot productie"
"components.carbonFootprint.stages.A2","A2 - Transport zum Werk","A2 - Transport van grondstof naar fabriek"
"components.carbonFootprint.stages.A3","A3 - Produktion","A3 - Productie"
"components.carbonFootprint.stages.A4","A4 - Transport zum Bestimmungsort","A4 - Transport naar eindbestemming"
"components.carbonFootprint.stages.A4-A5","A4-A5 - Transport bis Montage","A4-A5 - Transport naar montage"
"components.carbonFootprint.stages.A5","A5 - Installation","A5 - Installatie"
"components.carbonFootprint.stages.B1","B1 - Nutzungsphase","B1 - Gebruiksfase"
"components.carbonFootprint.stages.B1-B7","B1-B7 - Nutzungsphase","B1-B7 - Gebruiksfase"
"components.carbonFootprint.stages.B2","B2 - Wartung","B2 - Onderhoud"
"components.carbonFootprint.stages.B3","B3 - Reparatur","B3 - Reparatie"
"components.carbonFootprint.stages.B4","B4 - Ersatz","B4 - Vervanging"
"components.carbonFootprint.stages.B5","B5 - Aktualisierung/Aufrüstung, Aufarbeitung","B5 - Update/upgrade, renovatie"
"components.carbonFootprint.stages.B6","B6 - Energieverbrauch während der Nutzung","B6 - Energieverbruik tijdens gebruik"
"components.carbonFootprint.stages.B7","B7 - Wasserverbrauch während der Nutzung","B7 - Waterverbruik tijdens gebruik"
"components.carbonFootprint.stages.C1","C1 - Demontage","C1 - Demontage"
"components.carbonFootprint.stages.C1-C4","C1-C4 - Entsorgungsphase","C1-C4 - Afvalfase"
"components.carbonFootprint.stages.C2","C2 - Transport zum Recycler","C2 - Transport naar recycler"
"components.carbonFootprint.stages.C2-C4","C2-C4 - Recycling bis Deponie","C2-C4 - Recycling tot stortplaats"
"components.carbonFootprint.stages.C3","C3 - Recycling, Abfallbehandlung","C3 - Recycling, afvalverwerking"
"components.carbonFootprint.stages.C4","C4 - Deponie","C4 - Stortplaats"
"components.carbonFootprint.stages.D","D - Wiederverwendung","D - Hergebruik"
"components.carbonFootprint.timeUnit.month","{count, plural, =0 {unter einem Monat} =1 {1 Monat} other {# Monate}}","{count, plural, =0 {minder dan een maand} =1 {1 maand} other {# maanden}}"
"components.carbonFootprint.timeUnit.year","{count, plural, =0 {unter einem Jahr} =1 {1 Jahr} other {# Jahre}}","{count, plural, =0 {minder dan een jaar} =1 {1 jaar} other {# jaar}}"
"components.carbonFootprint.totalCO2Equivalents","(Bisherige) CO2 Emissionen des Produkts","CO2-emissies van het product (tot nu toe)"
"components.constructionDialog.buttonText","Schließen","Sluiten"
"components.constructionDialog.message","Diese Funktion befindet sich derzeit im Aufbau und wird in Kürze verfügbar sein.","Deze functie is momenteel in ontwikkeling en zal binnenkort beschikbaar zijn."
"components.constructionDialog.title","In Bearbeitung","In ontwikkeling"
"components.contactInformation.contactTypes.0173-1#07-AAS754#001","Geschäftlich","Kantoor"
"components.contactInformation.contactTypes.0173-1#07-AAS755#001","Geschäftlich Mobil","Kantoor mobiel"
"components.contactInformation.contactTypes.0173-1#07-AAS756#001","Sekretariat","Secretariaat"
"components.contactInformation.contactTypes.0173-1#07-AAS757#001","Vertretung","Vervanger"
"components.contactInformation.contactTypes.0173-1#07-AAS758#001","Privat","Thuis"
"components.contactInformation.contactTypes.0173-1#07-AAS759#001","Privat Mobil","Privé mobiel"
"components.contactInformation.contactTypes.home","Privat","Thuis"
"components.contactInformation.contactTypes.home mobile","Privat Mobil","Thuis mobiel"
"components.contactInformation.contactTypes.office","Geschäftlich","Kantoor"
"components.contactInformation.contactTypes.office mobile","Geschäftl. Mobil","Kantoor mobiel"
"components.contactInformation.contactTypes.secretary","Sekretariat","Secretariaat"
"components.contactInformation.contactTypes.substitute","Vertretung","Vervanger"
"components.copyButton.copied","In Zwischenablage kopiert","Gekopieerd naar klembord"
"components.copyButton.copy","Kopieren","Kopiëren"
"components.copyButton.copyBase64","Base64-kodiert kopieren","Base64-gecodeerd kopiëren"
"components.copyButton.copyFailed","Fehler beim Kopieren in die Zwischenablage","Kopiëren naar klembord mislukt"
"components.documentComponent.classification","Dokument Klassifikation","Documentclassificatie"
"components.documentComponent.documentDetails","Dokumentendetails","Documentdetails"
"components.documentComponent.fileNotFound","Datei nicht gefunden","Bestand niet gevonden"
"components.documentComponent.open","Öffnen","Openen"
"components.documentComponent.showMoreButton","zeige mehr","meer tonen"
"components.dummyComponent.dummyText","Das ist eine Dummy-Komponente. Sie wird verwendet, um das Layout und Design der Anwendung zu testen.","Dit is een dummy-component. Het wordt gebruikt om de lay-out en het ontwerp van de applicatie te testen."
"components.noSearchResult.header","Keine Daten gefunden","Geen gegevens gevonden"
"components.noSearchResult.noDataFound","Es wurden keine Daten für ''{name}'' gefunden.","Geen gegevens gevonden voor ''{name}''."
"components.noSearchResult.toHomeButton","Zur Startseite","Naar Home"
"components.propertyComponent.boolean.false","falsch","onwaar"
"components.propertyComponent.boolean.true","wahr","waar"
"components.propertyComponent.labels.copied","In Zwischenablage kopiert","Gekopieerd naar klembord"
"components.propertyComponent.labels.copy","Kopieren","Kopiëren"
"components.propertyComponent.labels.copyBase64","Base64-kodiert kopieren","Base64-gecodeerd kopiëren"
"components.propertyComponent.labels.notAvailable","-","-"
"components.propertyComponent.labels.value","Wert","Waarde"
"components.qrScanner.errors.defaultCallbackErrorMsg","QR Code konnte nicht geöffnet werden!","Kon de QR-code niet openen!"
"components.qrScanner.errors.errorOnQrScannerOpen","QR Scanner konnte nicht geöffnet werden!","Kon de QR-scanner niet openen!"
"components.relationShipDetailsDialog.error.entityError","Relation entity nicht gefunden","Relatie-entiteit niet gevonden"
"components.relationShipDetailsDialog.error.semanticError","Semantic ID nicht gefunden","Semantisch ID niet gevonden"
"components.relationShipDetailsDialog.error.unknownRelationship","Unbekannte Relation","Onbekende relatie"
"components.relationShipDetailsDialog.hasPart","hat Teil","heeft onderdeel"
"components.relationShipDetailsDialog.isPartOf","ist Teil von","is onderdeel van"
"components.relationShipDetailsDialog.sameAs","gleich wie","gelijk aan"
"components.relationShipDetailsDialog.semanticId","Semantic ID","Semantisch ID"
"components.submodelElementCollection.allAvailableData","Alle verfügbaren Daten","Alle beschikbare gegevens"
"components.submodelElementCollection.showEntriesButton.hide","Verbergen","Verbergen"
"components.submodelElementCollection.showEntriesButton.show","{count} Einträge anzeigen","{count} items tonen"
"components.technicalData.cannotRenderContent","Inhalt des Submodels kann nicht angezeigt werden.","Inhoud van dit submodel kan niet worden weergegeven."
"components.technicalData.furtherInformation","Weitere Informationen","Meer informatie"
"components.technicalData.generalInformation","Allgemeine Informationen","Algemene informatie"
"components.technicalData.productClassification","Produktklassifikation","Productclassificatie"
"components.technicalData.technicalProperties","Technische Eigenschaften","Technische eigenschappen"
"components.verticalTabSelector.errors.INTERNAL_SERVER_ERROR","Interner Serverfehler","Interne serverfout"
"components.verticalTabSelector.errors.NOT_FOUND","Submodel nicht gefunden","Submodel niet gevonden"
"components.verticalTabSelector.errors.UNAUTHORIZED","Nicht autorisiert","Niet geautoriseerd"
"components.verticalTabSelector.errors.UNKNOWN","Unbekannter Fehler","Onbekende fout"
"navigation.errors.generic","Etwas ist schiefgelaufen.","Er is iets misgegaan."
"navigation.errors.notFound","Nicht gefunden","Niet gevonden"
"navigation.errors.unauthorizedError.content","Sie haben keinen Zugang zu dieser Ressource. Loggen Sie sich ein oder bitten Sie Ihren Administrator um Zugriff.","U heeft geen toegang tot deze bron. Log in of vraag uw beheerder om toegang."
"navigation.errors.unauthorizedError.title","Unautorisierter Zugriff","Ongeautoriseerde toegang"
"navigation.errors.unexpectedError","Unerwarteter Fehler","Onverwachte fout"
"navigation.errors.urlNotFound","Keine Verwaltungsschale unter dieser ID.","Geen AAS met het opgegeven ID."
"navigation.footer.about","Über Mnestix","Over Mnestix"
"navigation.footer.dataPrivacy","Datenschutz","Gegevensbescherming"
"navigation.footer.imprint","Impressum","Colofon"
"navigation.mainMenu.aasList","AAS Liste","AAS-lijst"
"navigation.mainMenu.dashboard","Dashboard","Dashboard"
"navigation.mainMenu.findOutMore","Mehr Informationen","Meer informatie"
"navigation.mainMenu.login","Anmelden","Inloggen"
"navigation.mainMenu.logout","Abmelden","Uitloggen"
"navigation.mainMenu.repository","Repository","Repository"
"navigation.mainMenu.settings","Einstellungen","Instellingen"
"navigation.mainMenu.templates","Templates & Blueprints","Sjablonen & blauwdrukken"
"pages.aasList.buttonTooltip","Zur AAS","Ga naar AAS"
"pages.aasList.compare","Vergleichen","Vergelijken"
"pages.aasList.header","AAS Liste","AAS-lijst"
"pages.aasList.listHeader.aasEndpoint","AAS URL","AAS-URL"
"pages.aasList.listHeader.aasId","AAS ID","AAS-ID"
"pages.aasList.listHeader.assetId","Asset ID","Asset-ID"
"pages.aasList.listHeader.discoveryUrl","Discovery URL","Discovery-URL"
"pages.aasList.listHeader.infrastructureName","Infrastruktur","Infrastructuur"
"pages.aasList.listHeader.manufacturer","Herstellername","Naam fabrikant"
"pages.aasList.listHeader.picture","Bild","Afbeelding"
"pages.aasList.listHeader.productClass","Produktklasse","Productklasse"
"pages.aasList.listHeader.productDesignation","Hersteller Produktbezeichnung","Productaanduiding fabrikant"
"pages.aasList.listHeader.registryUrl","Registry URL","Registry-URL"
"pages.aasList.listHeader.repositoryUrl","Repository URL","Repository-URL"
"pages.aasList.listHeader.viewAASButton","AAS anzeigen","AAS bekijken"
"pages.aasList.maxElementsWarning","Maximal 3 Elemente selektierbar","Kan niet meer dan 3 elementen vergelijken"
"pages.aasList.page","Seite","Pagina"
"pages.aasList.repositoryDropdownLabel","AAS Repository oder AAS Registry (Infrastruktur)","AAS-repository of AAS-registry (infrastructuur)"
"pages.aasList.selectListSource","Bitte wählen Sie ein Repository oder AAS Registry aus","Selecteer een repository of AAS-registry"
"pages.aasList.subHeader","Hier finden Sie alle AAS aus Ihrem Repository oder AAS Registry. Sie können ein AAS-Repository oder AAS Registry auswählen, um zwischen den Datenquellen zu wechseln.","Hier vindt u alle AAS uit uw repository of AAS-registry. U kunt een AAS-repository of AAS-registry selecteren om tussen gegevensbronnen te schakelen."
"pages.aasList.titleComparisonAddButton","AAS zum Vergleich hinzufügen","AAS toevoegen aan vergelijking"
"pages.aasViewer.actions.compareButton","Vergleichen","Vergelijken"
"pages.aasViewer.actions.download","AAS herunterladen","AAS downloaden"
"pages.aasViewer.actions.toProductView","Produktansicht","Productweergave"
"pages.aasViewer.asset","Asset","Asset"
"pages.aasViewer.assetAdministrationShell","Verwaltungsschale","Asset Administration Shell"
"pages.aasViewer.errors.downloadError","Fehler beim Herunterladen der AAS.","Fout bij het downloaden van AAS."
"pages.aasViewer.errors.influxError","Beim Abrufen der Daten ist ein Fehler aufgetreten.","Er is een probleem opgetreden bij het ophalen van de tijdreeksgegevens."
"pages.aasViewer.labels.copied","In Zwischenablage kopiert","Gekopieerd naar klembord"
"pages.aasViewer.labels.copy","Kopieren","Kopiëren"
"pages.aasViewer.labels.copyBase64","Base64-kodiert kopieren","Base64-gecodeerd kopiëren"
"pages.aasViewer.labels.language","Sprache","Taal"
"pages.aasViewer.labels.notAvailable","-","-"
"pages.aasViewer.labels.text","Text","Tekst"
"pages.aasViewer.labels.value","Wert","Waarde"
"pages.aasViewer.messages.downloadSuccess","Download erfolgreich von: {endpoint} (Infrastruktur: {infrastructure})","Download geslaagd van: {endpoint} (Infrastructuur: {infrastructure})"
"pages.aasViewer.submodels.actions.open","Öffnen","Openen"
"pages.aasViewer.submodels.actions.view","Ansehen","Bekijken"
"pages.aasViewer.submodels.idLabel","ID:","ID:"
"pages.aasViewer.submodels.idShortLabel","idShort:","idShort:"
"pages.aasViewer.submodels.noSubmodelsToLoad","Für diese AAS existieren keine Teilmodelle.","Er bestaan geen submodellen voor deze AAS."
"pages.aasViewer.submodels.referenceCounter.count","Anzahl","Aantal"
"pages.aasViewer.submodels.referenceCounter.elementName","Element","Element"
"pages.aasViewer.submodels.renderError","Submodel konnte nicht gerendert werden.","Submodel kan niet worden weergegeven."
"pages.aasViewer.submodels.repositoryUrlLabel","Repository URL:","Repository-URL:"
"pages.aasViewer.submodels.semanticIdLabel","Semantic IDs:","Semantische IDs:"
"pages.aasViewer.submodels.timeSeries.internalSegments","Interne Segmente","Interne segmenten"
"pages.aasViewer.submodels.timeSeries.linkedSegments","Verlinkte Segmente","Gekoppelde segmenten"
"pages.aasViewer.submodels.timeSeries.noTimeSeriesSegments","Keine Zeitreihen-Segmente gefunden.","Geen tijdreekssegmenten gevonden."
"pages.aasViewer.submodels.timeSeries.selectTimeframe","Auswahl des Zeitabschnitts","Selecteer tijdsbestek"
"pages.aasViewer.submodels.title","Teilmodelle","Submodellen"
"pages.aasViewer.submodels.unknownModelType","Mnestix unterstützt diesen ModelType noch nicht ({type}).","Mnestix ondersteunt dit modeltype nog niet ({type})."
"pages.catalog.articleCount","{count, plural, =1 {# Artikel} other {# Artikel}}","{count, plural, =1 {# artikel} other {# artikelen}}"
"pages.catalog.eclassCategories.15","Instandhaltung (Dienstleistung)","Onderhoud (service)"
"pages.catalog.eclassCategories.27","Elektro-, Automatisierungs- und Prozessleittechnik","Elektrotechniek, automatisering, procesbesturingstechniek "
"pages.catalog.eclassCategories.44","Fahrzeugtechnik, Fahrzeugkomponente","Automotive engineering, voertuigcomponent"
"pages.catalog.eclassCategories.default","Kategorie ","Categorie "
"pages.catalog.filter","Filter","Filter"
"pages.catalog.manufacturerCatalog","Hersteller Produktkatalog","Productcatalogus fabrikant"
"pages.catalog.manufacturerSelect","Hersteller auswählen","Selecteer fabrikant"
"pages.catalog.marketplaceSubtitle","Verwaltungsschale für den Leitungssatz","Asset Administration Shell voor kabelbomen"
"pages.catalog.marketplaceTitle","VWS4LS - Marketplace","VWS4LS - Marktplaats"
"pages.catalog.noSearcherWarning","Kein AAS Searcher konfiguriert. AAS Liste wird angezeigt, Filterung ist nicht möglich.","Geen AAS-zoeker geconfigureerd. AAS-lijst wordt als terugval getoond, filters werken niet."
"pages.catalog.searchPlaceholder","Suche aktuell nicht verfügbar...","Zoeken momenteel niet beschikbaar..."
"pages.catalog.title","Hersteller Produktkatalog","Fabrikantcatalogus"
"pages.compare.addAnother","Eine weitere AAS hinzufügen","Nog een AAS toevoegen"
"pages.compare.addButton","Eine weitere AAS hinzufügen","Nog een AAS toevoegen"
"pages.compare.addFirstAasButton","AAS hinzufügen","AAS toevoegen"
"pages.compare.collection.hide","Verbergen","Verbergen"
"pages.compare.collection.show","{idShort}","{idShort}"
"pages.compare.errors.aasAddError","AAS konnte nicht hinzugefügt werden.","AAS kon niet worden toegevoegd."
"pages.compare.errors.aasAlreadyAdded","AAS kann nicht mehrmals hinzugefügt werden.","AAS kan niet meer dan één keer worden toegevoegd."
"pages.compare.errors.moreAasFound","Mehr als eine AAS im Discovery Service gefunden, bitte geben Sie die AAS-ID an.","Meer dan één AAS gevonden in de discovery-service, geef in plaats daarvan het AAS-ID op."
"pages.compare.errors.unknownModelType","Mnestix unterstützt diesen ModelType noch nicht ({type}).","Mnestix ondersteunt dit modeltype nog niet ({type})."
"pages.compare.title","AAS vergleichen","AAS vergelijken"
"pages.dashboard.aasOrAssetId","AAS ID oder Asset ID","AAS-ID of Asset-ID"
"pages.dashboard.digitalTwinMadeEasyText","Digitaler Zwilling leicht gemacht.","Digital Twin eenvoudig gemaakt."
"pages.dashboard.enterManuallyLabel","Manuell eingeben","Handmatig invoeren"
"pages.dashboard.findOutMoreHeader","Mehr Informationen","Meer informatie"
"pages.dashboard.findOutMoreText","Aktuelle Mnestix Version","De nieuwste versie van Mnestix"
"pages.dashboard.infrastructure","Infrastruktur","Infrastructuur"
"pages.dashboard.listBtnLabel","Inhalt eines Repositorys sehen","Bekijk wat er al in uw repository staat"
"pages.dashboard.listBtnText","Zur AAS Liste","Ga naar AAS-lijst"
"pages.dashboard.listCardHeader","Auswahl über Liste","Selecteren via lijst"
"pages.dashboard.scanIdLabel","AAS ID oder Asset ID scannen","Scan AAS-ID of Asset-ID"
"pages.dashboard.searchAllInfrastructures","Suche überall","Alles doorzoeken"
"pages.dashboard.welcomeText","Willkommen bei Mnestix","Welkom bij Mnestix"
"pages.discoveryList.errors.noAasFound","Keine AAS für die angegebene ID gefunden","Geen AAS gevonden voor het opgegeven ID"
"pages.discoveryList.errors.noAssetId","Keine Asset ID angegeben.","Geen Asset-ID opgegeven."
"pages.discoveryList.errors.searchFailed","Suche fehlgeschlagen","Zoeken mislukt"
"pages.discoveryList.subtitle","Hier finden Sie alle AAS, die mit der angegebenen Asset ID verknüpft sind.","Hier vindt u alle gerelateerde AAS bij het opgegeven Asset-ID."
"pages.discoveryList.title","AAS mit Asset ID","Gerelateerde AAS bij Asset-ID"
"pages.productViewer.actions.compareButton","Vergleichen","Vergelijken"
"pages.productViewer.actions.download","AAS herunterladen","AAS downloaden"
"pages.productViewer.actions.downloadError","Fehler beim Herunterladen der AAS.","Fout bij het downloaden van AAS."
"pages.productViewer.actions.downloadErrorNoRepo","Kein Repository für die ausgewählte AAS gefunden.","Geen repository gevonden voor de geselecteerde AAS."
"pages.productViewer.actions.toAasView","AAS Ansicht","AAS-weergave"
"pages.productViewer.classification","Produktklassifikation","Classificatie"
"pages.productViewer.error.technicalDataSubmodelNotFound","Technical Data Submodel nicht gefunden","Submodel technische gegevens niet gevonden"
"pages.productViewer.home","Startseite","Home"
"pages.productViewer.markings","Produktkennzeichnungen","Productmarkeringen"
"pages.productViewer.productInfo.articleNumber","Artikelnummer","Artikelnummer"
"pages.productViewer.productInfo.manufacturer","Hersteller","Fabrikant"
"pages.productViewer.productInfo.orderCode","Bestellnummer","Bestelcode"
"pages.productViewer.productInfo.productDesignation","Hersteller Produktbezeichnung","Productaanduiding fabrikant"
"pages.productViewer.summary","Das Wichtigste in Kürze","Kerngegevens"
"pages.productViewer.title","Produkt","Product"
"pages.registryList.errors.noAasFound","Keine AAS für diese ID gefunden","Geen AAS gevonden voor het opgegeven ID"
"pages.registryList.errors.noAasId","Keine AAS ID angegeben.","Geen AAS-ID opgegeven."
"pages.registryList.errors.searchFailed","Suche fehlgeschlagen","Zoeken mislukt"
"pages.registryList.subtitle","Hier befinden sich alle AAS mit der angegebenen AAS ID.","Hier vindt u alle gerelateerde AAS bij het opgegeven AAS-ID."
"pages.registryList.title","AAS mit AAS ID","Gerelateerde AAS bij AAS-ID"
"pages.settings.actions.cancel","Abbrechen","Annuleren"
"pages.settings.actions.editButton","Alle bearbeiten","Alles bewerken"
"pages.settings.actions.resetButton","Auf Default zurücksetzen","Terugzetten naar standaard"
"pages.settings.actions.saveButton","Alle speichern","Alles opslaan"
"pages.settings.header","Einstellungen","Instellingen"
"pages.settings.idStructure.assetIdDocumentation.assetId","Asset ID","Asset-ID"
"pages.settings.idStructure.assetIdDocumentation.dnsHeading","Zugriff via DNS","Toegang via DNS"
"pages.settings.idStructure.assetIdDocumentation.dnsText","Besonders beim ""Brownfield""-Ansatz und als Vertreiber eines Produkts ist es sinnvoll, zusätzlich einen DNS-Zugang über die Asset ID einzurichten, um so einen Datenzugriff über einen herkömmlichen Browser zu ermöglichen.","Vooral voor de brownfield-aanpak en de distributeur van een product is het zinvol om aanvullend DNS-toegang via de asset-ID in te stellen en zo gegevensophaling vanuit conventionele browserapplicaties mogelijk te maken."
"pages.settings.idStructure.assetIdDocumentation.endResult","Endergebnis","Eindresultaat"
"pages.settings.idStructure.assetIdDocumentation.exampleHeading","Beispiel","Voorbeeldcase"
"pages.settings.idStructure.assetIdDocumentation.industry40Heading","Industrie 4.0 Kontext","Industrie 4.0-context"
"pages.settings.idStructure.assetIdDocumentation.industry40Text","Produkte haben eine global einzigartige ID, welche einer oder mehreren Verwaltungsschalen zugewiesen werden kann. Im Industrie 4.0 Kontext wird die Verbindung zwischen Asset und Verwaltungsschale über die I4.0 Infrastruktur hergestellt.","Producten hebben een wereldwijd uniek ID dat aan een of meer asset administration shells kan worden toegewezen. In de context van Industrie 4.0 wordt de verbinding tussen asset en AAS tot stand gebracht via de I4.0-infrastructuur."
"pages.settings.idStructure.assetIdDocumentation.redirectsTo","Leitet weiter auf","Verwijst door naar"
"pages.settings.idStructure.assetIdDocumentation.title","Wie Sie Ihre Asset ID mit Ihrem Repository verbinden","Hoe verbindt u uw Asset-ID met uw AAS-repository"
"pages.settings.idStructure.errors.idStructureError","Fehler beim speichern von ''{name}'' ({reason}).","Fout bij opslaan van ''{name}'' ({reason})."
"pages.settings.idStructure.errors.invalidIri","Muss eine valide IRI sein. Z.B. https://example.com/","Moet een geldige IRI zijn, bijv. https://example.com/"
"pages.settings.idStructure.errors.invalidIriPart","Muss als Teil einer IRI funktionieren können (keine Schrägstriche, Leer- und Sonderzeichen erlaubt)","Moet werken als onderdeel van een IRI (geen schuine strepen, spaties of speciale tekens)"
"pages.settings.idStructure.labels.dynamicPart","dynamischer Teil","dynamisch deel"
"pages.settings.idStructure.labels.idStructureExplanation","Definieren Sie, wie Ihre IDs dargestellt werden sollen. Dies ist eine Basis-Einstellung, die für individuelle Importe angepasst werden kann.","Bepaal hoe uw IDs worden weergegeven. Dit is een standaardinstelling die voor afzonderlijke imports kan worden aangepast."
"pages.settings.idStructure.labels.staticPrefix","statisches Präfix","statisch voorvoegsel"
"pages.settings.idStructure.messages.successfullyUpdated","Erfolgreich aktualisiert","Succesvol bijgewerkt"
"pages.settings.idStructure.title","ID Struktur","ID-structuur"
"pages.settings.infrastructure.form.addEndpoint","Endpunkt hinzufügen","Endpoint toevoegen"
"pages.settings.infrastructure.form.cancel","Abbrechen","Annuleren"
"pages.settings.infrastructure.form.connectionTypes","Verbindungsinterface-Typen","Verbindingsinterfacetypes"
"pages.settings.infrastructure.form.connectionTypesRequired","Mindestens ein Verbindungsinterface-Typ muss ausgewählt werden","Er moet ten minste één verbindingsinterfacetype worden geselecteerd"
"pages.settings.infrastructure.form.createNew","Neue Infrastruktur erstellen","Nieuwe infrastructuur aanmaken"
"pages.settings.infrastructure.form.defaultInfrastructureReadonly","Die Default Infrastruktur kann nur im Deployment über die Environment Variablen geändert werden. Bitte kontaktieren Sie Ihren Administrator um Änderungen vorzunehmen.","De standaardinfrastructuur kan alleen in de deployment via de omgevingsvariabelen worden gewijzigd. Neem contact op met uw beheerder om wijzigingen aan te brengen."
"pages.settings.infrastructure.form.delete","Löschen","Verwijderen"
"pages.settings.infrastructure.form.deleteConfirm","Sind Sie sicher, dass Sie die Infrastruktur löschen möchten? Diese Aktion kann nicht rückgängig gemacht werden.","Weet u zeker dat u de infrastructuur wilt verwijderen? Deze actie kan niet ongedaan worden gemaakt."
"pages.settings.infrastructure.form.deleteDialogTitle","Infrastruktur löschen","Infrastructuur verwijderen"
"pages.settings.infrastructure.form.deleteError","Fehler beim Löschen der Infrastruktur","Verwijderen van infrastructuur mislukt"
"pages.settings.infrastructure.form.deleteSuccess","Infrastruktur erfolgreich gelöscht","Infrastructuur succesvol verwijderd"
"pages.settings.infrastructure.form.deleteWarning","Diese Aktion kann nicht rückgängig gemacht werden und entfernt dauerhaft alle zugehörigen Verbindungen und Sicherheitseinstellungen.","Deze actie kan niet ongedaan worden gemaakt en verwijdert permanent alle bijbehorende verbindingen en beveiligingsinstellingen."
"pages.settings.infrastructure.form.endpointUrl","Endpunkt URL","Endpoint-URL"
"pages.settings.infrastructure.form.endpoints","Endpunkte","Endpoints"
"pages.settings.infrastructure.form.headerKeyCrLfNotAllowed","Der Header-Schlüssel darf keine CRLF-Sequenzen enthalten.","De headersleutel mag geen CRLF-sequenties bevatten."
"pages.settings.infrastructure.form.headerKeyDangerous","Der Header-Schlüssel wird als gefährlich angesehen.","De headersleutel wordt als gevaarlijk beschouwd."
"pages.settings.infrastructure.form.headerKeyInvalidFormat","Der Header-Schlüssel hat kein gültiges Format.","De headersleutel heeft geen geldig formaat."
"pages.settings.infrastructure.form.headerName","Header Name","Headernaam"
"pages.settings.infrastructure.form.headerNameRequired","Header Name ist erforderlich","Headernaam is verplicht"
"pages.settings.infrastructure.form.headerValue","Header Wert","Headerwaarde"
"pages.settings.infrastructure.form.headerValueCrLfNotAllowed","Der Header-Wert darf keine CRLF-Sequenzen enthalten.","De headerwaarde mag geen CRLF-sequenties bevatten."
"pages.settings.infrastructure.form.headerValueIllegalChars","Der Header-Wert darf keine ungültigen Zeichen enthalten.","De headerwaarde mag geen ongeldige tekens bevatten."
"pages.settings.infrastructure.form.headerValueRequired","Header Wert ist erforderlich","Headerwaarde is verplicht"
"pages.settings.infrastructure.form.headerValueTooLong","Der Header-Wert ist zu lang.","De headerwaarde is te lang."
"pages.settings.infrastructure.form.logoUrl","Bild URL","Logo-URL"
"pages.settings.infrastructure.form.name","Name","Naam"
"pages.settings.infrastructure.form.nameAlreadyExists","Eine Infrastruktur mit diesem Namen existiert bereits","Er bestaat al een infrastructuur met deze naam"
"pages.settings.infrastructure.form.nameRequired","Name ist erforderlich","Naam is verplicht"
"pages.settings.infrastructure.form.proxyHeaderValue","Mnestix API Key Header Wert","Headerwaarde Mnestix API-sleutel"
"pages.settings.infrastructure.form.proxyHeaderValueRequired","Mnestix API Key Header Wert ist erforderlich","Headerwaarde Mnestix API-sleutel is verplicht"
"pages.settings.infrastructure.form.save","Speichern","Opslaan"
"pages.settings.infrastructure.form.saveError","Fehler beim Speichern der Infrastruktur","Fout bij opslaan van infrastructuur"
"pages.settings.infrastructure.form.saveSuccess","Infrastruktur erfolgreich gespeichert","Infrastructuur succesvol opgeslagen"
"pages.settings.infrastructure.form.security","Infrastruktur Sicherheit","Infrastructuurbeveiliging"
"pages.settings.infrastructure.form.securityType","Sicherheitstyp","Beveiligingstype"
"pages.settings.infrastructure.form.securityTypeHeaderSecurity","Custom Header","Aangepaste header"
"pages.settings.infrastructure.form.securityTypeMnestixProxy","Mnestix API Key","Mnestix API-sleutel"
"pages.settings.infrastructure.form.securityTypeNone","Keine","Geen"
"pages.settings.infrastructure.form.securityTypeRequired","Sicherheitstyp ist erforderlich","Beveiligingstype is verplicht"
"pages.settings.infrastructure.form.urlFieldInvalid","Muss eine gültige URL sein","Moet een geldige URL zijn"
"pages.settings.infrastructure.form.urlFieldRequired","URL ist erforderlich","URL-veld is verplicht"
"pages.settings.infrastructure.healthCheck.aasGeneratorLabel","Mnestix AAS Generator","Mnestix AAS Generator"
"pages.settings.infrastructure.healthCheck.applicationVersion","Anwendungsversion","Applicatieversie"
"pages.settings.infrastructure.healthCheck.buildDate","Build-Datum","Builddatum"
"pages.settings.infrastructure.healthCheck.checking","Prüfe...","Controleren..."
"pages.settings.infrastructure.healthCheck.offline","Offline","Offline"
"pages.settings.infrastructure.healthCheck.refresh","Status aktualisieren","Health-status vernieuwen"
"pages.settings.infrastructure.healthCheck.unreachable","Mnestix AAS Generator nicht erreichbar (Hinweis: Mnestix Generator V1 unterstützt keine Health Checks und wird immer als offline angezeigt. Bitte aktualisieren Sie auf Version 2, um Health Checks zu nutzen)","Mnestix AAS Generator niet bereikbaar (Let op: Mnestix Generator V1 ondersteunt geen health checks en wordt altijd als offline weergegeven. Werk bij naar versie 2 om health checks te gebruiken)"
"pages.settings.infrastructure.healthCheck.version","API-Version: ","API-versie: "
"pages.settings.infrastructure.noInfrastructuresFound","Keine Infrastrukturen gefunden","Geen infrastructuren gevonden"
"pages.settings.infrastructure.subtitle","Definieren Sie, welche Infrastrukturen verwendet werden sollen.","Bepaal welke infrastructuren gebruikt moeten worden."
"pages.settings.infrastructure.title","Infrastrukturen","Infrastructuren"
"pages.settings.infrastructure.urlFieldNoTrailingSlash","Die URL darf nicht mit einem Schrägstrich (/) enden.","De URL mag niet eindigen met een schuine streep (/)."
"pages.settings.messages.changesSavedSuccessfully","Änderungen erfolgreich gespeichert.","Wijzigingen succesvol opgeslagen."
"pages.settings.rules.buttons.add","Hinzufügen","Toevoegen"
"pages.settings.rules.buttons.back","Zurück","Terug"
"pages.settings.rules.buttons.cancel","Abbrechen","Annuleren"
"pages.settings.rules.buttons.create","Berechtigung hinzufügen","Toestemming toevoegen"
"pages.settings.rules.buttons.delete","Löschen","Verwijderen"
"pages.settings.rules.buttons.edit","Bearbeiten","Bewerken"
"pages.settings.rules.buttons.save","Speichern","Opslaan"
"pages.settings.rules.createRule.placeholderText","Neuer oder bestehender Rollenname","Nieuwe of bestaande rolnaam"
"pages.settings.rules.createRule.saveSuccess","Neue Regel erfolgreich gespeichert.","Nieuwe regel succesvol opgeslagen."
"pages.settings.rules.createRule.subtitle","Füge eine Berechtigung zu einer neuen oder bereits bestehenden Rolle hinzu.","Voeg een toestemming toe aan een nieuwe of bestaande rol."
"pages.settings.rules.createRule.subtitle2","Füge eine Berechtigung zu der Rolle ''{role}'' hinzu.","Voeg een toestemming toe aan de rol ''{role}''."
"pages.settings.rules.createRule.title","Neue Berechtigung hinzufügen","Nieuwe toestemming toevoegen"
"pages.settings.rules.deleteRole.delete","Rolle löschen","Rol verwijderen"
"pages.settings.rules.deleteRole.description","Die Rolle ''{roleName}'' enthält {count} Rechte. Wollen Sie die gesamte Rolle mit allen Rechten löschen?","U staat op het punt de rol ''{roleName}'' met {count} toestemmingen te verwijderen. Weet u zeker dat u de hele rol wilt verwijderen?"
"pages.settings.rules.deleteRole.header","Gesamte Rolle löschen","Hele rol verwijderen"
"pages.settings.rules.deleteRole.partiallySuccess","{count} von {total} Rechte wurden gelöscht. Die Rolle existiert weiterhin mit den restlichen Rechten!","{count} van de {total} toestemmingen zijn verwijderd. De rol bestaat nog met de resterende toestemmingen!"
"pages.settings.rules.deleteRole.success","Rolle ''{roleName}'' wurde erfogreich gelöscht.","Rol ''{roleName}'' is succesvol verwijderd."
"pages.settings.rules.deleteRule.question","Regel unwiderruflich löschen?","Deze regel permanent verwijderen?"
"pages.settings.rules.deleteRule.ruleInfo","Nutzer mit der Rolle ''{role}'' haben danach keine Berrechtigungen mehr die folgenden Daten {action, select, READ {zu LESEN} EDIT {zu EDITIEREN} CREATE {zu ERSTELLEN} UPDATE {zu VERÄNDERN} EXECUTE {AUSZUFÜHREN}  other {#}}!","Gebruikers met de toegewezen rol ''{role}'' hebben geen toestemming om de volgende gegevens te {action}!"
"pages.settings.rules.deleteRule.success","Regel erfolgreich gelöscht.","Regel succesvol verwijderd."
"pages.settings.rules.editRule.saveSuccess","Regel erfolgreich bearbeitet.","Regel succesvol bewerkt."
"pages.settings.rules.editRule.title","Regel bearbeiten","Regel bewerken"
"pages.settings.rules.errors.uniqueIdShort","Die Kombination aus Rollenname, Aktion und Typ existiert bereits in einer anderen Regel.
Bitte bearbeiten Sie die bestehende Regel.","De combinatie van rolnaam, actie en type bestaat al in een andere regel.
Bewerk de bestaande regel."
"pages.settings.rules.keycloakHint.acknowledge","In Ordnung","Bevestigen"
"pages.settings.rules.keycloakHint.create","Diese Rolle wurde bisher nicht verwendet. Vergessen Sie nicht diese auch in Keycloak zu konfigurieren!","Deze rol is nog niet gebruikt. Vergeet niet deze in Keycloak te configureren!"
"pages.settings.rules.keycloakHint.delete","Vergessen Sie nicht die Rolle in Keycloak zu entfernen!","Vergeet niet deze rol ook in Keycloak te verwijderen!"
"pages.settings.rules.keycloakHint.title","Keycloak aktualisieren","Keycloak bijwerken"
"pages.settings.rules.roleNameMaxLength","Rollenname darf maximal {maxLength} Zeichen lang sein","Rolnaam mag niet langer zijn dan {maxLength} tekens."
"pages.settings.rules.roleNameNoTrailSpace","Rollenname darf keine Leerzeichen am Ende haben.","Rolnaam mag niet eindigen met een spatie."
"pages.settings.rules.roleRequired","Rolle wird benötigt","Rol is verplicht"
"pages.settings.rules.subtitle","Verwalten von Rollen und Berechtigungen.","Beheer rollen en toestemmingen."
"pages.settings.rules.tableHeader.aasIds","AAS IDs","AAS-IDs"
"pages.settings.rules.tableHeader.action","Aktion","Actie"
"pages.settings.rules.tableHeader.name","Rolle","Rol"
"pages.settings.rules.tableHeader.permissions","Berechtigungen","Toestemmingen"
"pages.settings.rules.tableHeader.submodelIds","Submodel IDs","Submodel-IDs"
"pages.settings.rules.tableHeader.type","Typ","Type"
"pages.settings.rules.title","Rollenmanagement","Rolbeheer"
"pages.settings.rules.wildcardLabel","Alle erlauben","Alles toestaan"
"pages.settings.subHeader","Hinzufügen, Entfernen oder Ändern von Einstellungen und Konfigurationen für verschiedene Funktionen innerhalb Ihrer AAS-Umgebung.","Voeg instellingen en configuraties voor verschillende functies binnen uw AAS-omgeving toe, verwijder of wijzig ze."
"pages.templates.actions.add","Hinzufügen","Toevoegen"
"pages.templates.actions.cancel","Abbrechen","Annuleren"
"pages.templates.actions.delete","Löschen","Verwijderen"
"pages.templates.actions.duplicate","Duplizieren","Dupliceren"
"pages.templates.actions.edit","Bearbeiten","Bewerken"
"pages.templates.actions.remove","Entfernen","Verwijderen"
"pages.templates.actions.restore","Wiederherstellen","Herstellen"
"pages.templates.actions.revertChanges","Änderungen zurücksetzen","Wijzigingen terugdraaien"
"pages.templates.actions.saveChanges","Änderungen speichern","Wijzigingen opslaan"
"pages.templates.all","Alle","Alle"
"pages.templates.blueprintDeletedSuccessfully","Blueprint erfolgreich gelöscht.","Blauwdruk succesvol verwijderd"
"pages.templates.blueprintIdCopied","Blueprint-ID in die Zwischenablage kopiert: {id}","Blauwdruk-ID gekopieerd naar klembord: {id}"
"pages.templates.blueprintUseExplanation","Blueprints erlauben es Ihnen, eine wiederverwendbare Teilmodell-Struktur, angepasst auf Ihre Bedürfnisse, zu definieren.","Met blauwdrukken kunt u een herbruikbare submodelstructuur aanmaken, aangepast aan uw vereisten."
"pages.templates.boolean.false","falsch","onwaar"
"pages.templates.boolean.true","wahr","waar"
"pages.templates.chooseAStartingPoint","Wählen Sie ein Template als Ausgangspunkt","Kies een sjabloon als startpunt"
"pages.templates.collectionMappingInfo","Collection Mapping Info","Collectie-mapping-info"
"pages.templates.collectionMappingInfoDescription","Json-Ausdruck, der zum Duplizieren von SubmodelElementen während Datenimporten verwendet werden kann. Der angegebene Pfad muss zu einem Array führen, daher mit [*] enden.","Json-expressie die kan worden gebruikt voor het dupliceren van SubmodelElements tijdens gegevensimports. Let op dat het opgegeven pad naar een array moet leiden en dus moet eindigen met [*]."
"pages.templates.copyBlueprintId","Blueprint-ID kopieren","Blauwdruk-ID kopiëren"
"pages.templates.createNew","Blueprint erstellen","Nieuwe blauwdruk"
"pages.templates.custom","Custom","Aangepast"
"pages.templates.defaultValue","Defaultwert","Standaardwaarde"
"pages.templates.deleteBlueprintQuestion","Blueprint ''{name}'' unwiderruflich löschen?","Blauwdruk ''{name}'' onherstelbaar verwijderen?"
"pages.templates.displayName","Anzeigename","Weergavenaam"
"pages.templates.docsLink","Klicken Sie hier, um zur Dokumentation zum Verwenden und Erstellen von Templates und Blueprints zu gelangen.","Klik hier om naar de documentatie voor het gebruiken en aanmaken van sjablonen en blauwdrukken te gaan."
"pages.templates.emptyTemplate","Leer (Custom)","Leeg (aangepast)"
"pages.templates.emptyTemplateDescription","Basiert auf keinem standardisierten Template","Is niet gebaseerd op een gestandaardiseerd sjabloon"
"pages.templates.errors.unknownModelType","Mnestix unterstützt diesen ModelType noch nicht ({type}).","Mnestix ondersteunt dit modeltype nog niet ({type})."
"pages.templates.filterMappingInfo","Filter Mapping Info","Filter-mapping-info"
"pages.templates.filterMappingInfoDescription","Jsonata-Ausdruck, der verwendet werden kann, um SubmodelElemente während Datenimporten zu filtern. Beachten Sie, dass das Ergebnis des Ausdrucks ein boolescher Wert sein muss.","Jsonata-expressie die kan worden gebruikt voor het weglaten van SubmodelElements tijdens gegevensimports. Let op dat het resultaat van de expressie een boolean moet zijn."
"pages.templates.healthCheck.label","Status des Mnestix AAS Generators: ","Status Mnestix AAS Generator: "
"pages.templates.healthCheck.refresh","Status aktualisieren","Health-status vernieuwen"
"pages.templates.labels.language","Sprache","Taal"
"pages.templates.labels.modelType","Model Type","Modeltype"
"pages.templates.labels.notAvailable","-","-"
"pages.templates.labels.semanticId","semanticId","semanticId"
"pages.templates.labels.text","Text","Tekst"
"pages.templates.labels.value","Wert","Waarde"
"pages.templates.labels.valueType","Value Type","Waardetype"
"pages.templates.mappingInfo","Mapping Info","Mapping-info"
"pages.templates.mappingInfoDescription","Jsonata-Ausdruck, der zum Mappen von Werten während Datenimporten verwendet werden kann. Beachten Sie, dass das Ergebnis des Ausdrucks denselben Datentyp wie dieses SubmodelElement haben muss.","Jsonata-expressie die kan worden gebruikt voor het mappen van waarden tijdens gegevensimports. Let op dat het resultaat van de expressie hetzelfde gegevenstype moet zijn als dit SubmodelElement."
"pages.templates.messages.changesSavedSuccessfully","Änderungen erfolgreich gespeichert.","Wijzigingen succesvol opgeslagen"
"pages.templates.messages.deleted","gelöscht","verwijderd"
"pages.templates.multiplicity","Multiplizität","Multipliciteit"
"pages.templates.multiplicityDescription","Optionen zur Auswahl, ob ein SubmodelElement obligatorisch oder optional ist, und ob es mehrere Instanzen haben kann. Dies wird zur Datenvalidierung während Importen verwendet.","Opties om te selecteren of een SubmodelElement verplicht of optioneel is, en of het meerdere instanties kan hebben. Dit wordt gebruikt voor gegevensvalidatie tijdens imports."
"pages.templates.noBlueprintsFound","Keine Blueprints gefunden","Geen blauwdrukken gevonden"
"pages.templates.noBlueprintsWarning","Keine Blueprints verfügbar.","Geen blauwdrukken beschikbaar."
"pages.templates.noTemplatesWarning","Keine Templates verfügbar. Es werden nur Blueprints angezeigt.","Geen sjablonen beschikbaar. Alleen blauwdrukken worden getoond."
"pages.templates.title","Templates & Blueprints","Sjablonen & blauwdrukken"
"pages.templates.validation.errors.invalidDate","Muss ein gültiges Datum sein, im Format ''yyyy-mm-dd''","Moet een geldige datum zijn in formaat ''jjjj-mm-dd''"
"pages.templates.validation.errors.invalidLong","Muss eine valide Zahl sein","Moet een geldige long zijn"
"pages.transfer.aasIdentifier.default","Unbekannte AAS-ID","Onbekend AAS-ID"
"pages.transfer.aasIdentifier.display","""{aasId}""","""{aasId}"""
"pages.transfer.aasOriginUrl.default","Unbekannte AAS-Origin-URL","Onbekende AAS-oorsprong-URL"
"pages.transfer.aasOriginUrl.display","""{repoUrl}""","""{repoUrl}"""
"pages.transfer.aasRepository","AAS Repository","AAS-repository"
"pages.transfer.chooseRepository","Wählen Sie das AAS-Repository, in das übertragen werden soll:","Kies AAS-repository om naar over te dragen:"
"pages.transfer.chooseSubmodelRepository","Submodel Repository auswählen (optional)","Kies submodel-repository (optioneel)"
"pages.transfer.errorToast","Transfer der AAS nicht erfolgreich","Overdracht van AAS niet geslaagd"
"pages.transfer.partiallyFailedToast","Teil des Transfers fehlgeschlagen","Overdracht van element mislukt"
"pages.transfer.repositoryApiKey","AAS Repository ApiKey","API-sleutel AAS-repository"
"pages.transfer.repositoryLabel","Liste der AAS Repositorys","Lijst van AAS-repositories"
"pages.transfer.repositoryRequired","AAS Repository wird benötigt","AAS-repository is verplicht"
"pages.transfer.submodelRepository","Submodel Repository","Submodel-repository"
"pages.transfer.submodelRepositoryApiKey","Submodel Repository ApiKey","API-sleutel submodel-repository"
"pages.transfer.submodelRepositoryLabel","Liste der Submodel Repositorys","Lijst van submodel-repositories"
"pages.transfer.subtitle","Transfer ""{aasId}"" von ""{repoUrl}"" zu:","Draag ""{aasId}"" over van ""{repoUrl}"" naar:"
"pages.transfer.successfulToast","Transfer der AAS erfolgreich","Overdracht van AAS geslaagd"
"pages.transfer.title","Transfer","Overdracht"
"pages.transfer.useAasRepository","AAS Repository verwenden","AAS-repository gebruiken"
"pages.transfer.warningToast","Transfer der AAS nur teilweise erfolgreich.","AAS is slechts gedeeltelijk overgedragen."
